-- 00008_seed_camp_templates.sql

INSERT INTO camp_templates (id, template_name, level_name, duration_days, modality, delivery_model, description, active_status)
  VALUES ('TPL-NOVICE-6D', 'Novice Camp 6 Días', 'Novice 1', 6, 'Camp', 'Puro Surf 6-day format', 'Plantilla base de Novice para Puro Surf. Se usa para crear instancias individuales o grupales y luego evaluar por alumno.', TRUE);
INSERT INTO camp_templates (id, template_name, level_name, duration_days, modality, delivery_model, description, active_status)
  VALUES ('TPL-BEGINNER-6D', 'Beginner Camp 6 Días', 'Beginner 1', 6, 'Camp', 'Puro Surf 6-day format', 'Placeholder mínimo para futura carga de Beginner.', FALSE);
INSERT INTO camp_templates (id, template_name, level_name, duration_days, modality, delivery_model, description, active_status)
  VALUES ('TPL-FOUNDATION-6D', 'Foundation Camp 6 Días', 'Foundation 1', 6, 'Camp', 'Puro Surf 6-day format', 'Placeholder mínimo para futura carga de Foundation.', FALSE);
INSERT INTO camp_template_days (id, template_id, day_number, venue_default, ocean_condition_target, day_goal, day_notes, evaluation_focus)
  VALUES ('TPLD-NOV-01', 'TPL-NOVICE-6D', 1, 'Beachbreak', '3-4 feet', 'Control de tabla, espumas, sweet spot, remada inicial y pop up estable.', 'Inicio del nivel en agua blanca y control técnico básico.', 'Seguridad, control de tabla y postura');
INSERT INTO camp_template_days (id, template_id, day_number, venue_default, ocean_condition_target, day_goal, day_notes, evaluation_focus)
  VALUES ('TPLD-NOV-02', 'TPL-NOVICE-6D', 2, 'Beachbreak', '3-4 feet', 'Conectar cobra, línea, rotación, entrada y turtle roll.', 'Todavía técnico, pero con más awareness y remada.', 'Conexión cobra + línea + entrada segura');
INSERT INTO camp_template_days (id, template_id, day_number, venue_default, ocean_condition_target, day_goal, day_notes, evaluation_focus)
  VALUES ('TPLD-NOV-03', 'TPL-NOVICE-6D', 3, 'Pointbreak', '3-4 feet', 'Entender pocket, ángulo y uso de la energía de la ola.', 'Pasa de agua blanca a lectura más clara de pared.', 'Lectura de ola y posicionamiento');
INSERT INTO camp_template_days (id, template_id, day_number, venue_default, ocean_condition_target, day_goal, day_notes, evaluation_focus)
  VALUES ('TPLD-NOV-04', 'TPL-NOVICE-6D', 4, 'Pointbreak', '3-4 feet', 'Generar velocidad y empezar cambio de dirección.', 'Pump y cutback como introducción de flow en pared.', 'Velocidad y cambio de dirección');
INSERT INTO camp_template_days (id, template_id, day_number, venue_default, ocean_condition_target, day_goal, day_notes, evaluation_focus)
  VALUES ('TPLD-NOV-05', 'TPL-NOVICE-6D', 5, 'Pointbreak', '3-4 feet', 'Bottom turn, proyección y posicionamiento del pie trasero.', 'Día clave para dibujar la cara de la ola.', 'Bottom turn + projection');
INSERT INTO camp_template_days (id, template_id, day_number, venue_default, ocean_condition_target, day_goal, day_notes, evaluation_focus)
  VALUES ('TPLD-NOV-06', 'TPL-NOVICE-6D', 6, 'Pointbreak / Video Analysis Room', '3-4 feet', 'Combinar partes de la secuencia y cerrar con evaluación general.', 'Cierre del camp con combinación de maniobras y repaso general.', 'Combinación de secuencia + evaluación general');
INSERT INTO camp_template_blocks (id, template_day_id, block_order, pilar, is_safety_layer, pilar_part, mission, drill_name, mission_time, repetitions_default, warm_up, simulation, mental_hack, evaluation_focus)
  VALUES ('TPLB-NOV-01-01', 'TPLD-NOV-01', 1, map_pilar('Technical'), FALSE, 'Grab Board, Walk Out, Board Control in White Water, Turn Around Walking', 'Controlar la tabla, pasar espumas y girar de forma segura. Todo parados.', 'Drill secuencia 1', '15 minutes', 1, 'Head to toe adults', 'flow motion', '', 'Board control y seguridad');
INSERT INTO camp_template_blocks (id, template_day_id, block_order, pilar, is_safety_layer, pilar_part, mission, drill_name, mission_time, repetitions_default, warm_up, simulation, mental_hack, evaluation_focus)
  VALUES ('TPLB-NOV-01-02', 'TPLD-NOV-01', 2, map_pilar('Technical'), FALSE, 'Get on the Board, Sweet Spot, Paddling Angle, Cobra Pick Line, Dismount', 'Encontrar sweet spot, alinearse, tomar olas acostado y desmontar con control.', 'Drill secuencia 2', '15 minutes', 4, '', 'flow motion', 'key words', 'Sweet spot y paddling line');
INSERT INTO camp_template_blocks (id, template_day_id, block_order, pilar, is_safety_layer, pilar_part, mission, drill_name, mission_time, repetitions_default, warm_up, simulation, mental_hack, evaluation_focus)
  VALUES ('TPLB-NOV-01-03', 'TPLD-NOV-01', 3, map_pilar('Technical'), FALSE, 'Pop Up Connection, Foot Positioning, Posture, Starfish Dismount', 'Lograr pop up estable, postura funcional y desmontar antes de llegar a la arena.', 'Drill secuencia 3', '15 minutes', 4, '', 'flow motion', '', 'Postura y pop up');
INSERT INTO camp_template_blocks (id, template_day_id, block_order, pilar, is_safety_layer, pilar_part, mission, drill_name, mission_time, repetitions_default, warm_up, simulation, mental_hack, evaluation_focus)
  VALUES ('TPLB-NOV-02-01', 'TPLD-NOV-02', 1, map_pilar('Technical'), FALSE, 'Cobra Pick Line, Frontside Rotation, Impulse', 'Conectar la cobra, elegir línea con awareness y luego pop up, postura y rotación frontside.', '', '15 minutes', 5, 'Head to toe adults, flow motion simulation', 'visualización', 'key words', 'Frontside rotation');
INSERT INTO camp_template_blocks (id, template_day_id, block_order, pilar, is_safety_layer, pilar_part, mission, drill_name, mission_time, repetitions_default, warm_up, simulation, mental_hack, evaluation_focus)
  VALUES ('TPLB-NOV-02-02', 'TPLD-NOV-02', 2, map_pilar('Technical'), FALSE, 'Cobra Pick Line, Backside Rotation, Impulse', 'Conectar la cobra, elegir línea con awareness y luego pop up, postura y rotación backside.', '', '15 minutes', 5, '', '', '', 'Backside rotation');
INSERT INTO camp_template_blocks (id, template_day_id, block_order, pilar, is_safety_layer, pilar_part, mission, drill_name, mission_time, repetitions_default, warm_up, simulation, mental_hack, evaluation_focus)
  VALUES ('TPLB-NOV-02-03', 'TPLD-NOV-02', 3, map_pilar('Technical'), FALSE, 'Paddling Turn Around, Paddling Speed and Breathing, Turtle Roll', 'Entrar remando, controlar velocidad y respiración, y pasar espumas con turtle roll.', 'Drill remada tortuga, giro agarro ola', '15 minutes', 5, '', '', '', 'Entry and turtle roll');
INSERT INTO camp_template_blocks (id, template_day_id, block_order, pilar, is_safety_layer, pilar_part, mission, drill_name, mission_time, repetitions_default, warm_up, simulation, mental_hack, evaluation_focus)
  VALUES ('TPLB-NOV-03-01', 'TPLD-NOV-03', 1, map_pilar('Technical'), FALSE, 'Identify the Pocket, Paddling Angle', 'Entender direcciones y partes de la ola para posicionarse y usar la energía a favor.', '', '15 minutes', 4, 'Head to toe adults, flow motion simulation', '', '', 'Pocket and angle');
INSERT INTO camp_template_blocks (id, template_day_id, block_order, pilar, is_safety_layer, pilar_part, mission, drill_name, mission_time, repetitions_default, warm_up, simulation, mental_hack, evaluation_focus)
  VALUES ('TPLB-NOV-03-02', 'TPLD-NOV-03', 2, map_pilar('Technical'), FALSE, 'Cobra Pick Line', 'Usar la cobra con conciencia y elegir la línea más lógica según la ola estando acostado.', '', '15 minutes', 4, '', '', '', 'Pick line awareness');
INSERT INTO camp_template_blocks (id, template_day_id, block_order, pilar, is_safety_layer, pilar_part, mission, drill_name, mission_time, repetitions_default, warm_up, simulation, mental_hack, evaluation_focus)
  VALUES ('TPLB-NOV-04-01', 'TPLD-NOV-04', 1, map_pilar('Technical'), FALSE, 'Pump Frontside, Pump Backside', 'Generar velocidad en ambos sentidos con timing y postura.', '', '15 minutes', 4, '', '', '', 'Speed generation');
INSERT INTO camp_template_blocks (id, template_day_id, block_order, pilar, is_safety_layer, pilar_part, mission, drill_name, mission_time, repetitions_default, warm_up, simulation, mental_hack, evaluation_focus)
  VALUES ('TPLB-NOV-04-02', 'TPLD-NOV-04', 2, map_pilar('Technical'), FALSE, 'Cutback Frontside, Cutback Backside', 'Hacer cambio de dirección para regresar donde la ola tiene más energía.', '', '15 minutes', 4, 'Head to toe adults, flow motion simulation', '', '', 'Direction change');
INSERT INTO camp_template_blocks (id, template_day_id, block_order, pilar, is_safety_layer, pilar_part, mission, drill_name, mission_time, repetitions_default, warm_up, simulation, mental_hack, evaluation_focus)
  VALUES ('TPLB-NOV-05-01', 'TPLD-NOV-05', 1, map_pilar('Technical'), FALSE, 'Bottom Turn Frontside, Bottom Turn Backside', 'Hacer una U en la cara de la ola sin salir y volver a bajar con control.', '', '15 minutes', 4, '', '', '', 'Bottom turn quality');
INSERT INTO camp_template_blocks (id, template_day_id, block_order, pilar, is_safety_layer, pilar_part, mission, drill_name, mission_time, repetitions_default, warm_up, simulation, mental_hack, evaluation_focus)
  VALUES ('TPLB-NOV-05-02', 'TPLD-NOV-05', 2, map_pilar('Technical'), FALSE, 'Projection Frontside, Projection Backside', 'Entender y sentir la proyección después del bottom turn.', '', '15 minutes', 4, '', '', '', 'Projection understanding');
INSERT INTO camp_template_blocks (id, template_day_id, block_order, pilar, is_safety_layer, pilar_part, mission, drill_name, mission_time, repetitions_default, warm_up, simulation, mental_hack, evaluation_focus)
  VALUES ('TPLB-NOV-05-03', 'TPLD-NOV-05', 3, map_pilar('Technical'), FALSE, 'Foot Positioning', 'Llevar el pie de atrás más atrás y dibujar mejor la cara de la ola.', '', '15 minutes', 4, 'Head to toe adults, flow motion simulation', '', '', 'Rear foot position');
INSERT INTO camp_template_blocks (id, template_day_id, block_order, pilar, is_safety_layer, pilar_part, mission, drill_name, mission_time, repetitions_default, warm_up, simulation, mental_hack, evaluation_focus)
  VALUES ('TPLB-NOV-06-01', 'TPLD-NOV-06', 1, map_pilar('Technical'), FALSE, 'Bottom Turn Frontside, Projection Frontside, Cutback Frontside, Impulse, Posture', 'Ejecutar combinación de partes de la secuencia y completar una maniobra de inicio a fin.', '', '15 minutes', 4, '', '', '', 'Sequence combination');
INSERT INTO camp_template_blocks (id, template_day_id, block_order, pilar, is_safety_layer, pilar_part, mission, drill_name, mission_time, repetitions_default, warm_up, simulation, mental_hack, evaluation_focus)
  VALUES ('TPLB-NOV-06-02', 'TPLD-NOV-06', 2, NULL, FALSE, 'Repaso general del nivel', 'Repasar todo lo aprendido, aclarar dudas y definir prioridades para seguir trabajando.', '', '15 minutes', 4, '', '', '', 'General evaluation and priorities');